{
  "episodes": [
    0,
    1,
    2,
    3,
    4,
    5,
    6,
    7,
    8,
    9,
    10,
    11,
    12,
    13,
    14,
    15,
    16,
    17,
    18,
    19,
    20,
    21,
    22,
    23,
    24,
    25,
    26,
    27,
    28,
    29,
    30,
    31,
    32,
    33,
    34,
    35,
    36,
    37,
    38,
    39,
    40,
    41,
    42,
    43,
    44,
    45,
    46,
    47,
    48,
    49
  ],
  "rewards": [
    16.16025105745086,
    16.494825236347246,
    16.566208125482845,
    16.630987295118615,
    16.956856534244,
    17.043990411417614,
    17.155643392736337,
    17.275153733074006,
    17.582445025222388,
    17.689933429936836,
    17.74123338718583,
    18.054696466400777,
    18.188636743022084,
    18.22220105402532,
    18.570731669419207,
    18.601646243360456,
    18.730131258784013,
    18.792867946575967,
    18.81117392182537,
    18.82102282221277,
    18.898575616977354,
    18.95195997722491,
    19.02262319027104,
    19.055623097005785,
    19.05164756106566,
    19.076540424722143,
    19.121338445947348,
    19.159095902889632,
    19.20601603360001,
    19.222015657344162,
    19.23390604920798,
    19.267246503028367,
    19.276777712543936,
    19.281629875465974,
    19.35677943330239,
    19.362203785697695,
    19.345941149068942,
    19.3471355434182,
    19.398985887396304,
    19.383044450092356,
    19.364709130761817,
    19.40821816760193,
    19.381920827604144,
    19.349831333559536,
    19.401227480439196,
    19.40778925330192,
    19.388531584991235,
    19.396208253680086,
    20.47142786293381,
    20.47951529694767
  ],
  "latencies": [
    198.74199600872888,
    186.35578778969142,
    177.43973275690382,
    170.26636454302223,
    162.74013954856824,
    155.028549244113,
    146.29310261609686,
    138.0589710098669,
    134.44685475411436,
    128.15385348649866,
    125.34876908333618,
    122.03368284948102,
    115.53342923319867,
    114.00018379134096,
    109.69020467254471,
    108.39406973022227,
    103.25883091601091,
    100.88853245059443,
    100.21294498505056,
    99.85252523726676,
    97.07655537763746,
    95.23082291845292,
    92.86353457051865,
    91.78632836118618,
    91.91554947911372,
    91.11282011359052,
    89.69185669881304,
    88.51731223338122,
    87.0859212506865,
    86.60487752101949,
    86.24964584896324,
    85.26325451996385,
    84.98402129429843,
    84.84236863612453,
    82.68438167312982,
    82.531372748787,
    82.99152975562986,
    82.95770915463542,
    81.50259548777085,
    81.94668321836446,
    82.46112791713603,
    81.24695749919411,
    81.97824549692876,
    82.8815946814959,
    81.44068868257621,
    81.2589782442277,
    81.79381031577793,
    81.58013615981962,
    79.52166974880795,
    79.30410515343812
  ],
  "throughputs": [
    1987.419960087289,
    2352.5655645123206,
    2712.7248125088972,
    3061.326454342983,
    3366.3319215268284,
    3626.388796902549,
    3816.119043070805,
    3969.6300822421827,
    4219.2344443877,
    4352.173209678234,
    4572.372928505737,
    4749.830274526819,
    4770.043117689815,
    4966.348334825359,
    5018.12149141289,
    5184.895933029664,
    5144.152639171217,
    5215.835489432221,
    5358.969022225181,
    5506.7448427101535,
    5506.094258447688,
    5541.366477467461,
    5531.006896799828,
    5584.075621871898,
    5700.975448113599,
    5751.361029543655,
    5752.872821525532,
    5760.636095950908,
    5742.826608946342,
    5780.046681636602,
    5819.419810028162,
    5810.082626284919,
    5843.315188115602,
    5881.331672523307,
    5774.295530572011,
    5802.414765616776,
    5870.381829781421,
    5900.457649365677,
    5826.031626597569,
    5884.396225175128,
    5945.718726040586,
    5880.026191598004,
    5952.999858339758,
    6037.0199191430465,
    5948.510080093217,
    5950.137989426363,
    6002.916382178605,
    5999.559036875542,
    5859.075011879671,
    5852.904447402689
  ],
  "error_rates": [
    0.049370998004364446,
    0.04510359837873268,
    0.042361684390179344,
    0.04027482725611641,
    0.03786907360193106,
    0.03526803552408417,
    0.03214336272232647,
    0.02920822576810971,
    0.028193476901420024,
    0.026004006988959022,
    0.02519426367299357,
    0.024127023284386526,
    0.021816219888734983,
    0.02138210287849478,
    0.019899610529810242,
    0.019498923706376084,
    0.01773984577663805,
    0.016956347705779067,
    0.01673744168529768,
    0.01660421173304533,
    0.015681294418310707,
    0.015066930297249747,
    0.014298211908094273,
    0.013935839899911566,
    0.013937441402893973,
    0.013656730002578736,
    0.013198238087996994,
    0.012818654939342549,
    0.01237222198018269,
    0.012201518010459572,
    0.012068250376157325,
    0.011762543467757758,
    0.011655849506581422,
    0.011588519213697041,
    0.010978599600302973,
    0.010915094737004964,
    0.011016406240595826,
    0.01098652675766059,
    0.010583368132254713,
    0.010683167485998195,
    0.010801371299675466,
    0.010469969361964815,
    0.010646155816528073,
    0.010866501240536501,
    0.010482700001828998,
    0.010425328464491512,
    0.010552607578023523,
    0.010488727475544501,
    0.009955266860167821,
    0.009893176192850132
  ],
  "costs": [
    1256.0,
    1220.1427391159496,
    1187.6977477597836,
    1158.3403055528713,
    1131.776593346229,
    1107.7407525797203,
    1085.9922244802292,
    1066.313342468603,
    1048.5071536793691,
    1032.3954477902578,
    1017.8169734333994,
    1004.6258243374364,
    992.6899790485177,
    981.889979615216,
    972.1177360131973,
    963.2754443439285,
    955.2746079803862,
    948.0351518630704,
    941.4846210818937,
    935.557455723089,
    930.1943347235556,
    925.3415821657236,
    920.9506300709276,
    916.9775323147525,
    913.3825247994507,
    910.1296274814852,
    907.1862842711611,
    904.5230372003376,
    902.1132315971822,
    899.9327493172543,
    897.9597673610112,
    896.1745394618927,
    894.5591984590483,
    893.0975774767873,
    891.7750481210509,
    890.5783740735296,
    889.4955786181399,
    888.5158247740239,
    887.6293068354032,
    886.8271522327791,
    886.1013327332751,
    885.4445840913837,
    884.8503333459562,
    884.3126330357973,
    883.826101675476,
    883.3858698956097,
    882.9875317085779,
    882.6271004119191,
    882.3009686880707,
    882.0058725011244
  ],
  "converged": true,
  "improvements": {
    "reward": 26.72770505941717,
    "latency": 60.0969564832412,
    "throughput": 194.49761826612755,
    "error_rate": 79.9615632805811,
    "cost": 29.776602507872262
  }
}